Walsh Vice Rew,wrew0@samsung.com,679-827-3597,Research Associate
Rayna Bonifant Gladwin,rgladwin1@uiuc.edu,645-726-6384,Payment Adjustment Coordinator
Brandtr Navarro Greenhalf,bgreenhalf2@dedecms.com,485-274-6941,Executive Secretary
Tove Sprulls Baron,tbaron3@smugmug.com,529-773-6086,Senior Editor
Dougie Courtman Yellowlees,dyellowlees4@over-blog.com,928-298-3442,Senior Sales Associate
Bea Farryan Wiltsher,bwiltsher5@ft.com,292-969-6901,Programmer Analyst IV
Salomi Caurah Wayon,swayon6@latimes.com,307-890-1026,Legal Assistant
Davidson Hymus Vlasov,dvlasov7@businessinsider.com,644-143-1329,Assistant Manager
Willis Dewen Belfit,wbelfit8@jalbum.net,160-705-3210,Structural Analysis Engineer
Isabella Hoopper Bushby,ibushby9@msn.com,215-543-4742,Staff Accountant III
